Rennen_ID,Saison,GP_Name,Datum,Runde
2023_1,2023,Bahrain Grand Prix,2023-03-05,1
2023_2,2023,Saudi Arabian Grand Prix,2023-03-19,2
2023_3,2023,Australian Grand Prix,2023-04-02,3
2023_4,2023,Azerbaijan Grand Prix,2023-04-30,4
2023_5,2023,Miami Grand Prix,2023-05-07,5
2023_6,2023,Monaco Grand Prix,2023-05-28,6
2023_7,2023,Spanish Grand Prix,2023-06-04,7
2023_8,2023,Canadian Grand Prix,2023-06-18,8
2023_9,2023,Austrian Grand Prix,2023-07-02,9
2023_10,2023,British Grand Prix,2023-07-09,10
2023_11,2023,Hungarian Grand Prix,2023-07-23,11
2023_12,2023,Belgian Grand Prix,2023-07-30,12
2023_13,2023,Dutch Grand Prix,2023-08-27,13
2023_14,2023,Italian Grand Prix,2023-09-03,14
2023_15,2023,Singapore Grand Prix,2023-09-17,15
2023_16,2023,Japanese Grand Prix,2023-09-24,16
2023_17,2023,Qatar Grand Prix,2023-10-08,17
2023_18,2023,United States Grand Prix,2023-10-22,18
2023_19,2023,Mexico City Grand Prix,2023-10-29,19
2023_20,2023,São Paulo Grand Prix,2023-11-05,20
2023_21,2023,Las Vegas Grand Prix,2023-11-19,21
2023_22,2023,Abu Dhabi Grand Prix,2023-11-26,22
2024_1,2024,Bahrain Grand Prix,2024-03-02,1
2024_2,2024,Saudi Arabian Grand Prix,2024-03-09,2
2024_3,2024,Australian Grand Prix,2024-03-24,3
2024_4,2024,Japanese Grand Prix,2024-04-07,4
2024_5,2024,Chinese Grand Prix,2024-04-21,5
2024_6,2024,Miami Grand Prix,2024-05-05,6
2024_7,2024,Emilia Romagna Grand Prix,2024-05-19,7
2024_8,2024,Monaco Grand Prix,2024-05-26,8
2024_9,2024,Canadian Grand Prix,2024-06-09,9
2024_10,2024,Spanish Grand Prix,2024-06-23,10
2024_11,2024,Austrian Grand Prix,2024-06-30,11
2024_12,2024,British Grand Prix,2024-07-07,12
2024_13,2024,Hungarian Grand Prix,2024-07-21,13
2024_14,2024,Belgian Grand Prix,2024-07-28,14
2024_15,2024,Dutch Grand Prix,2024-08-25,15
2024_16,2024,Italian Grand Prix,2024-09-01,16
2024_17,2024,Azerbaijan Grand Prix,2024-09-15,17
2024_18,2024,Singapore Grand Prix,2024-09-22,18
2024_19,2024,United States Grand Prix,2024-10-20,19
2024_20,2024,Mexico City Grand Prix,2024-10-27,20
2024_21,2024,São Paulo Grand Prix,2024-11-03,21
2024_22,2024,Las Vegas Grand Prix,2024-11-23,22
2024_23,2024,Qatar Grand Prix,2024-12-01,23
2024_24,2024,Abu Dhabi Grand Prix,2024-12-08,24
2025_1,2025,Australian Grand Prix,2025-03-16,1
2025_2,2025,Chinese Grand Prix,2025-03-23,2
2025_3,2025,Japanese Grand Prix,2025-04-06,3
2025_4,2025,Bahrain Grand Prix,2025-04-13,4
2025_5,2025,Saudi Arabian Grand Prix,2025-04-20,5
2025_6,2025,Miami Grand Prix,2025-05-04,6
2025_7,2025,Emilia Romagna Grand Prix,2025-05-18,7
2025_8,2025,Monaco Grand Prix,2025-05-25,8
2025_9,2025,Spanish Grand Prix,2025-06-01,9
2025_10,2025,Canadian Grand Prix,2025-06-15,10
2025_11,2025,Austrian Grand Prix,2025-06-29,11
2025_12,2025,British Grand Prix,2025-07-06,12
2025_13,2025,Belgian Grand Prix,2025-07-27,13
2025_14,2025,Hungarian Grand Prix,2025-08-03,14
2025_15,2025,Dutch Grand Prix,2025-08-31,15
2025_16,2025,Italian Grand Prix,2025-09-07,16
2025_17,2025,Azerbaijan Grand Prix,2025-09-21,17
2025_18,2025,Singapore Grand Prix,2025-10-05,18
2025_19,2025,United States Grand Prix,2025-10-19,19
2025_20,2025,Mexico City Grand Prix,2025-10-26,20
2025_21,2025,São Paulo Grand Prix,2025-11-09,21
2025_22,2025,Las Vegas Grand Prix,2025-11-23,22
2025_23,2025,Qatar Grand Prix,2025-11-30,23
2025_24,2025,Abu Dhabi Grand Prix,2025-12-07,24
